[
  {
    "releaseDate": "April 1, 2017",
    "image": "http://iqbkkd2tcm3u6mnv1c41azk6.wpengine.netdna-cdn.com/files/2017/03/Air-Jordan-1-Royal.jpg",
    "name": "Air Jordan 1 Retro High OG “Royal”"
  },
  {
    "releaseDate": "April 1, 2017",
    "image": "http://iqbkkd2tcm3u6mnv1c41azk6.wpengine.netdna-cdn.com/files/2017/03/air-jordan-1-low-og-premium-vachetta-tan-pack-02.jpg",
    "name": "Air Jordan 1 Low OG Premium"
  },
  {
    "releaseDate": "April 1, 2017",
    "image": "http://iqbkkd2tcm3u6mnv1c41azk6.wpengine.netdna-cdn.com/files/2017/03/Air-Jordan-1-Low-OG-Premium-Vachetta-Tan-Pack-.jpg",
    "name": "Air Jordan 1 Low OG Premium"
  },
  {
    "releaseDate": "April 8, 2017",
    "image": "http://iqbkkd2tcm3u6mnv1c41azk6.wpengine.netdna-cdn.com/files/2017/03/310810-407_A1_Lateral_native_1600.jpg",
    "name": "Air Jordan 13 Low Retro “Brave Blue”"
  },
  {
    "releaseDate": "April 15, 2017",
    "image": "http://iqbkkd2tcm3u6mnv1c41azk6.wpengine.netdna-cdn.com/files/2017/03/AIR-JORDAN-11-LOW-UNC-1-of-4.jpg",
    "name": "Air Jordan 11 Low “University Blue”"
  },
  {
    "releaseDate": "May 13, 2017",
    "image": "http://iqbkkd2tcm3u6mnv1c41azk6.wpengine.netdna-cdn.com/files/2017/01/Air-Jordan-4-Pure-Money-1-1.jpg",
    "name": "Air Jordan 4 “Pure Money”"
  },
  {
    "releaseDate": "May 20, 2017",
    "image": "http://iqbkkd2tcm3u6mnv1c41azk6.wpengine.netdna-cdn.com/files/2017/03/Air-Jordan-13-Low-Metallic-Silver.jpg",
    "name": "Air Jordan 13 Low “Metallic Silver”"
  },
  {
    "releaseDate": "May 25, 2017",
    "image": "http://iqbkkd2tcm3u6mnv1c41azk6.wpengine.netdna-cdn.com/files/2017/03/Air-Jordan-11-Low-Heiress-.jpg",
    "name": "Air Jordan 11 Low GG “Heiress”"
  },
  {
    "releaseDate": "June 3, 2017",
    "image": "http://iqbkkd2tcm3u6mnv1c41azk6.wpengine.netdna-cdn.com/files/2017/01/air-jordan-7-pure-money-white-2.jpg",
    "name": "Air Jordan 7 “Pure Money”"
  },
  {
    "releaseDate": "June 17, 2017",
    "image": "http://iqbkkd2tcm3u6mnv1c41azk6.wpengine.netdna-cdn.com/files/2017/01/air-jordan-4-black-royal-official-1.jpg",
    "name": "Air Jordan 4 Black/Royal"
  },
  {
    "releaseDate": "January 7, 2017",
    "image": "http://iqbkkd2tcm3u6mnv1c41azk6.wpengine.netdna-cdn.com/files/2016/12/air-jordan-15-black-red-og-release-date-01.jpg",
    "name": "Air Jordan 15 Retro"
  },
  {
    "releaseDate": "January 14, 2017",
    "image": "http://iqbkkd2tcm3u6mnv1c41azk6.wpengine.netdna-cdn.com/files/2016/12/air-jordan-6-gs-black-hyper-pink-5.jpg",
    "name": "Air Jordan 6 Retro GS “Hyper Pink”"
  },
  {
    "releaseDate": "January 14, 2017",
    "image": "http://iqbkkd2tcm3u6mnv1c41azk6.wpengine.netdna-cdn.com/files/2016/12/308317-003_A4_Pair_native_1600.jpg",
    "name": "Air Jordan 12 Low “Max Orange”"
  },
  {
    "releaseDate": "January 21, 2017",
    "image": "http://iqbkkd2tcm3u6mnv1c41azk6.wpengine.netdna-cdn.com/files/2017/01/Air-Jordan-13-Black-Cat-.jpg",
    "name": "Air Jordan 13 “Black Cat”"
  },
  {
    "releaseDate": "January 28, 2017",
    "image": "http://iqbkkd2tcm3u6mnv1c41azk6.wpengine.netdna-cdn.com/files/2016/12/air-jordan-13-gs-black-hyper-pink-3.jpg",
    "name": "Air Jordan 13 GS “Hyper Pink”"
  },
  {
    "releaseDate": "January 28, 2017",
    "image": "http://iqbkkd2tcm3u6mnv1c41azk6.wpengine.netdna-cdn.com/files/2016/12/air-jordan-12-chinese-new-year-release-date-4.jpg",
    "name": "Air Jordan 12 “Chinese New Year” (US Retail Release)"
  },
  {
    "releaseDate": "January 28, 2017",
    "image": "http://iqbkkd2tcm3u6mnv1c41azk6.wpengine.netdna-cdn.com/files/2016/12/air-jordan-12-girls-chinese-new-year-1.jpg",
    "name": "Air Jordan 12 GG “Chinese New Year” (US Retail Release)"
  },
  {
    "releaseDate": "January 28, 2017",
    "image": "http://iqbkkd2tcm3u6mnv1c41azk6.wpengine.netdna-cdn.com/files/2016/12/jordan-31-chinese-new-year-5.jpg",
    "name": "Air Jordan XXX1 “Chinese New Year” (US Retail Release)"
  },
  {
    "releaseDate": "January 28, 2017",
    "image": "http://iqbkkd2tcm3u6mnv1c41azk6.wpengine.netdna-cdn.com/files/2016/12/ewo5gtzldv8irmqpsc63.jpg",
    "name": "Air Jordan 8 “Take Flight”"
  },
  {
    "releaseDate": "February 4, 2017",
    "image": "http://iqbkkd2tcm3u6mnv1c41azk6.wpengine.netdna-cdn.com/files/2016/12/308497-032_A1_Lateral_native_1600.jpg",
    "name": "Air Jordan 4 “Royalty”"
  },
  {
    "releaseDate": "February 10, 2017",
    "image": "http://iqbkkd2tcm3u6mnv1c41azk6.wpengine.netdna-cdn.com/files/2017/02/AJI-100-E_native_1600.jpg",
    "name": "Air Jordan 1 Retro High Golf Shoe"
  },
  {
    "releaseDate": "February 11, 2017",
    "image": "http://iqbkkd2tcm3u6mnv1c41azk6.wpengine.netdna-cdn.com/files/2017/01/Air-Jordan-1-BHM-Collection-.jpg",
    "name": "Air Jordan 1 “BHM” Collection"
  },
  {
    "releaseDate": "February 11, 2017",
    "image": "http://iqbkkd2tcm3u6mnv1c41azk6.wpengine.netdna-cdn.com/files/2017/02/Air-Jordan-1-High-Valentines-Day.jpg",
    "name": "Air Jordan 1 High OG GG “Valentine’s Day”"
  },
  {
    "releaseDate": "February 11, 2017",
    "image": "http://iqbkkd2tcm3u6mnv1c41azk6.wpengine.netdna-cdn.com/files/2016/12/air-jordan-5-take-flight-release-date-01.jpg",
    "name": "Air Jordan 5 “Take Flight”"
  },
  {
    "releaseDate": "February 16, 2017",
    "image": "http://iqbkkd2tcm3u6mnv1c41azk6.wpengine.netdna-cdn.com/files/2017/02/905847-004_A1_Lateral_native_1600.jpg",
    "name": "Air Jordan XXX1 “All-Star”"
  },
  {
    "releaseDate": "February 17, 2017",
    "image": "http://iqbkkd2tcm3u6mnv1c41azk6.wpengine.netdna-cdn.com/files/2016/12/air-jordan-6-chameleon-all-star-4.jpg",
    "name": "Air Jordan 6 “All-Star”"
  },
  {
    "releaseDate": "February 18, 2017",
    "image": "http://iqbkkd2tcm3u6mnv1c41azk6.wpengine.netdna-cdn.com/files/2017/01/Air-Jordan-12-OVO-Black.jpg",
    "name": "Air Jordan 12 OVO “Black”"
  },
  {
    "releaseDate": "February 19, 2017",
    "image": "http://iqbkkd2tcm3u6mnv1c41azk6.wpengine.netdna-cdn.com/files/2016/12/414571-122_A1_Lateral_native_1600-1.jpg",
    "name": "Air Jordan 13 “True Red”"
  },
  {
    "releaseDate": "February 19, 2017",
    "image": "http://iqbkkd2tcm3u6mnv1c41azk6.wpengine.netdna-cdn.com/files/2017/02/jordan-1-high-all-star-chameleon-2017-2.jpg",
    "name": "Air Jordan 1 Retro High OG “All-Star”"
  },
  {
    "releaseDate": "February 25, 2017",
    "image": "http://iqbkkd2tcm3u6mnv1c41azk6.wpengine.netdna-cdn.com/files/2016/12/308317-004_A4_Pair_native_1600.jpg",
    "name": "Air Jordan 12 Low “Playoffs”"
  },
  {
    "releaseDate": "February 25, 2017",
    "image": "http://iqbkkd2tcm3u6mnv1c41azk6.wpengine.netdna-cdn.com/files/2016/12/air-jordan-8-alternate-1.jpg",
    "name": "Air Jordan 8 Retro “Alternate”"
  },
  {
    "releaseDate": "March 4, 2017",
    "image": "http://iqbkkd2tcm3u6mnv1c41azk6.wpengine.netdna-cdn.com/files/2017/02/jordan-15-obsidian-release-date-768x472.jpg",
    "name": "Air Jordan 15 “Obsidian”"
  },
  {
    "releaseDate": "March 4, 2017",
    "image": "http://iqbkkd2tcm3u6mnv1c41azk6.wpengine.netdna-cdn.com/files/2017/02/Air_Jordan_6_Retro_BG_White_Hyper_Jade_Sneaker_Politics_Hypebeast_8.jpg",
    "name": "Air Jordan 6 BG “Hyper Jade”"
  },
  {
    "releaseDate": "March 10, 2017",
    "image": "http://iqbkkd2tcm3u6mnv1c41azk6.wpengine.netdna-cdn.com/files/2016/12/air-jordan-31-black-cat-1.jpg",
    "name": "Air Jordan XXX1 “Black Cat”"
  },
  {
    "releaseDate": "March 11, 2017",
    "image": "http://iqbkkd2tcm3u6mnv1c41azk6.wpengine.netdna-cdn.com/files/2016/12/air-1-21.jpg",
    "name": "Air Jordan 6 “Alternate”atmos x Air Jordan 3 x Nike Air Max 1 Pack"
  },
  {
    "releaseDate": "March 18, 2017",
    "image": "http://iqbkkd2tcm3u6mnv1c41azk6.wpengine.netdna-cdn.com/files/2017/03/atmos-x-Air-Jordan-3-x-Nike-Air-Max-1-Pack.jpg",
    "name": "Air Jordan 12 Low “Wolf Grey”"
  }
]
